,Datetime,Tweet Id,Text,Username
0,2021-11-28 11:36:20+00:00,1464921093878263810,"@Danishmhr Hi, the payment against booking id 16197560216 has failed.
In case this amount was deducted from your account please reach out to your bank customer care to know when the amount will be credited to your account/card as per your bank's internal process.
For further queries, DM us.",PaytmTravelCare
1,2021-11-28 10:06:57+00:00,1464898601180532738,"@Paytm @Paytmcare  i order hindi sound box but they delivered wrong language sound box.
Customer care does not response it.
Order id 16171233403
Please look into this matter
I want to return this order.",mahesh70000
2,2021-11-28 05:51:47+00:00,1464834387212582912,"3 din se customer care se bat krne ki koshish kr raha hu Mgr nahi ho PA rahi h 
Mere 2 transaction hai Jin ke bare me bat krni thi(1)Transaction ID 100003044770435
Reference no132456015462(2)Transaction ID 100003034307739
Reference no132084667812 please help me @Paytmcare @Paytm",MDanishQasmi2
3,2021-11-27 10:31:26+00:00,1464542374667845637,@Paytm Its been more then 4 months since my refund for flight cancellation is pending and whenever I call I get the response from customer care stating it will be done As Soon as Possible but no one cares and calls back . This is the Booking Id :12722579551. Need resolution ASAP,mrsaurabh10
4,2021-11-27 06:06:49+00:00,1464475780205846528,"@Mohitji01802434 @Paytm Hi Mohit, We are sorry for the unpleasant experience. You can contact our customer care executive regarding this:- Call Us :- 7872478724 or
E-mail Us : helpdesk-support@vmartretail.com",vmartretail
5,2021-11-27 01:41:08+00:00,1464408920013692934,"Dear @Paytm @Paytmcare @PaytmTravel 

Have raised an issue with ticket ID 22053401869 since last night but still no response yet. 

Customer care number is always busy, is this the kind of customer service ?",SamarMirza110
6,2021-11-23 14:08:12+00:00,1463147374717530114,@Paytm can you please solve the issue regarding my ticket no. 3127143836. I did what so ever your customer care executive told me to do. Please help me to get my money.,Kanika00312997
7,2021-11-23 10:29:48+00:00,1463092411807059968,"@Paytm @Paytmcare  I already has shared the proofs many times via mail and app. Since 10 months I have filed numerous complaints via call to customer care and mail. Still, no refund update. Try to resolve asap. contact 9882878371, 8219567056",Ashish979187
8,2021-11-23 10:04:45+00:00,1463086107155841026,"@PaytmBank @Paytm 

You have the worst customer care service. your customer care executive doesn't have the basic knowledge, about how to talk to the customer.

Ticket ID : 3127148484",mrmayankbansal
9,2021-11-23 07:00:05+00:00,1463039633420214279,"@Paytmcare @Paytm Waiting for refund on booking ID 10202265376, ref- 197232892. On August 31, support team indicated that a refund will be provided in 7-10 working days. Still waiting for the refund for the last 100 days. No positive outcome from call with customer care",rachitG8
10,2021-11-22 17:25:56+00:00,1462834746094800901,"@Paytm @PaytmTravel 
Hi cancelled my ticket on 15th October 2021
But refund is not processed yet. On customer care it was promised that refund will be processed by 15th November but it didn't processed

Booking id 15473362956",IamRishabh_tw
11,2021-11-22 07:45:29+00:00,1462688674013855746,"@Paytmcare @Paytm Name - anishkumar
Acc no - 918451853106
Ifsc - PYTM0123456
Money has gone into this account by mistake
 please help
 Your Customers Care are not listening",AdeshSardar
12,2021-11-22 07:07:16+00:00,1462679054335709186,"@MoHFW_INDIA Hi Sir, Please do some needful. I ordered medicines from https://t.co/DQ1zK3Ed4d online and paid through paytm on 11th October, order id is 16339206529001870M. I called customer care multiple times but my order is not delivered till today (Nov 22, 2021).",SandipLuvsIndia
13,2021-11-18 09:22:02+00:00,1461263419143712768,"Dear Team, 
this is to inform you that, I am unable to log in to my account 9437365463. it is showing blocked. I repeatedly tried to contact your customer care helpline but it was unable. @Paytm @Paytmcare  Please help me to unblock my account so that I can start the transition.",GOPALDAS1996
14,2021-11-17 19:46:22+00:00,1461058150950313985,"Hii @GooglePlay @Paytm 
+917381719235 this mobile number are using your name to fraud people through your platform.
he take money from people through using name of your customer care service..so plz take step about this one.
@CybercrimeCID plz look this matter..I'm victim of this",vipulvalaki182
15,2021-11-16 17:09:37+00:00,1460656313327763456,"I used @Paytm rent pay 2 days Ago And it's been 48 hours. Amount is not credited yet In my landlord account.. 
The customer care Is wrost No human Interaction not even reply in Via chat @Paytmcare @PaytmMoney @PaytmBank @PaytmFirstGames 
Account details 6392402162... 
@RBI",abhitiwari492
16,2021-11-16 13:54:18+00:00,1460607162514751488,"@Paytm 
One of my transactions has not reached the beneficiary.

It's been more than a month ago that I am trying to talk to any of your customer care, but no use.

Please help me out at least from your side and give me a call @ 9743444053

Thank you.",Chandra_hb77
17,2021-11-15 17:06:52+00:00,1460293235339763718,"@Paytm @Paytmcare @vijayshekhar why I am not getting any response from ur team. I am waiting for the reply from past 1 months. Does anyone in ur company care about their customers???????
Mobile Number:- 9953082198",SamratG1815
18,2021-11-14 06:04:47+00:00,1459764227334311941,@Chandrakant183 @Paytm Please contact customer care 9339451748,customer674
19,2021-11-13 07:08:26+00:00,1459417855779168260,"@vijayshekhar 
We Indians are really grateful to you for your innovative mind and @Paytm, but now a days customer care service is absolutely broken, we have to wait for hours for a solution, instant live chat support is not yet available !
# 3123760037",Aritra443
20,2021-11-13 06:52:28+00:00,1459413838588116996,"@vijayshekhar @Paytm worst services on bus travel. Booked 2 tickets, 1 bus does not travels on the said route and other bus operator has already stopped it's service. Customer care not helping in any way and giving some or the other excuses.
Order ID : 15804198077, 15803372495.",PPraveen07
21,2021-11-12 10:46:58+00:00,1459110464856543238,"Arthimpact Digital has the worst customer support. Customer care number is always busy. Do not respond to emails.Close my account ""PYTMPPH18865483979568"" and report to CIBIL. @Paytm  does not want take ownership even though account is opened by them
@aprameya_shweta @ArthSocial",kopanathisudhir
22,2021-11-11 07:52:14+00:00,1458704103429730306,"@smar_rt @Paytm @Paytmcare Hi Praveen, We are sorry for the unpleasant experience. You can contact our customer care executive regarding this:- Call Us :-7872478724 or
E-mail Us : helpdesk-support@vmartretail.com",vmartretail
23,2021-11-11 05:55:39+00:00,1458674765942509571,"@FlexsalaryIndia @vivifiindia @Paytm @Paytmcare Hi, Your loan payment on¬†642466¬†with Flexsalary of Rs¬†6600.0¬† is ¬†processed successfully vide UTR no¬†PYTMR21300553292¬† on 26/Oct, 03:05 PM ¬†ARN :¬†6352408064516156606100¬†If, payment is still not done, we would suggest you to kindly contact the¬†Flexsalary¬† customer care.",Rebel61345373
24,2021-11-11 02:57:56+00:00,1458630042561380355,"@paytmbankcare @Paytm @Paytmcare can you pls check ticket number  3123559508 ? Seems you have appointed comedians instead of cust care executives. Cost cutting or do you really cares your customers? @vijayshekhar
#PaytmFraud",Abhishe35257568
25,2021-11-09 05:47:57+00:00,1457948049964032000,"@Paytm @Paytmcare Can you please let me know what's the use of your 24*7 customer care, when it's not even responsive even after 40 hours even when the SLA was of 4 hours?

This is regarding support ticket ¬†id

22051687267",shail_adit
26,2021-11-08 14:13:11+00:00,1457712809941233665,@Paytm some person attempted a fraud by posing as the customer care executive of yours.his no is 9861305543 &amp; 9827873869 . amount involved is Rs 92000/- in approx . please help us to get money back @Cyberdost @cyberpolice_up,graminsevak
27,2021-11-08 12:34:28+00:00,1457687966634020869,"@vijayshekhar @Paytm @Paytmcare pathetic service , it‚Äôs been a month and refund yet not processed for the service which was not provided , booking ID 15493640756, customer care gives monotonous reply we are working on it , is this how you plan to thug your customers",vaatsalyagupta
28,2021-11-05 05:31:26+00:00,1456494343762550787,"@Paytm @Paytmcare would care resolve my issue asap
I am unable to transfer funds from my wallet to bank account. 
Reaching customer care has been a herculean task as you take ages to get connected and then get hung up.
Ref ticket ID: 3122401206",MustafizAhmed13
29,2021-10-31 12:29:19+00:00,1454787567782617090,"@AlpeshSutariya7 Hi, our sincere apologies for the inconvenience caused. Please find below the list of customer care numbers :
Bank, wallet &amp; Payments - 01204456456
Travel &amp; Hotels - 01204880880
Paytm Mall Shopping order - 01204606060",PaytmTravelCare
30,2021-10-30 12:26:05+00:00,1454424366574444553,"Booked 2 film tickets on 28/10/21 &amp; applied the promocode of 75‚Çπ cashback which said that I'll receive the cashback in 24 hours but still haven't received it. When I call customer care service it says they are busy fighting Covid. 
My order ID is 15755436606 
@Paytm 
@Paytmcare",mc_zillion
31,2021-10-27 15:03:17+00:00,1453376764659388430,@Paytm why can't you guys solve my issue and take my issue seriously. One of the bar customer care. My Ticket no : 3119991124,psvinoth
32,2021-10-27 12:32:42+00:00,1453338869835857923,"@Paytm 
Hi, My account is blocked from past 6 months customer care people are not able to solve my problem I have sent them whatever they have asked including my bank statement of Kotak Mahindra. 9739906665 the number which is blocked. There is money which I am unable to use.",paneeshkumble1
33,2021-10-26 15:23:53+00:00,1453019559326224389,"@nsitharaman I call to npci customer care number provide by twitter 09832966415 to amount debit from my account solution but amount debit from my account rs 39000/- please support me 
@NPCI_NPCI
@RBI @PMOIndia @FinMinIndia @HDFC_Bank @Paytm https://t.co/k5qytWrcFJ",amit07216
34,2021-10-26 12:44:05+00:00,1452979343714439173,"@Paytm @Paytmcare 
Dear Team
My payment has been stucked and I am continuously following up with your customer care executive but still no response has been received
Transaction was initiated yesterday evening via order I'd 15713859061
Please do resolution on immediately basis",kartikmittal12
35,2021-10-26 03:12:16+00:00,1452835440864555008,"@Paytm atleast show the response of my complaint tickets 3119554470 . Yesterday evening my money was deducted from my account but payment was failed , so refund my money ASAP , ur customer care doesn't respond me , I've already send you screen shot",TheDeepakRaja
36,2021-10-22 21:23:36+00:00,1451660534453993472,"@vijayshekhar @Paytm I to petrol pump and i scan there cade after scan completed. I put the amt 455 and it will goes to another merchants account i didn't get refund or paytm customer care sarvice no. Are always busy.

Your transaction of Rs.455.0 to Om Food center under order id 202110181739250095",harshit_125
37,2021-10-22 21:22:39+00:00,1451660294866890755,"@Paytm I to petrol pump and i scan there cade after scan completed. I put the amt 455 and it will goes to another merchants account i didn't get refund or paytm customer care sarvice no. Are always busy.

Your transaction of Rs.455.0 to Om Food center under order id 202110181739250095",harshit_125
38,2021-10-21 07:08:34+00:00,1451082971805470721,"@PaytmTravel @Paytmcare @Paytm @vijayshekhar  You have the worst customer care services for the flights.
I had Booked (Id - 15433334299) a flight for 21st oct from cochin to mumbai which I wished to cancel on 13th oct. I tried cancelling it from the app.

1/3 https://t.co/5Hw6bG9lgS",MahariNavin
39,2021-10-18 12:08:19+00:00,1450071241922990083,It's been 3 days My amount has stuck in transaction as it is debited from my account but receiver didn't receive.amount was considerable for me n I shared proof with @Paytm bt didn't receive reply n couldn't contact customer care plz look at this @vijayshekhar Ticket Id3117197400,Laksh_Ramlod
40,2021-10-17 06:16:35+00:00,1449620338308907008,@Paytm @vijayshekhar @Paytmcare i did rent payment of 49999 rs my mobile num 7045729283 on 16th oct    And it still showing processing also no customer care number for this .. kindly resolve it now .. why it will take  time ..,shyamag12985123
41,2021-10-17 04:46:27+00:00,1449597652790755331,Hi @Paytm not able to reach out to your customer care executive for last 5 days.Amount deducted but order not placed at @Flipkart @flipkartsupport they are saying contact bank and you are saying order successful for PZT21100722426EQGX01 order.Please share the transaction id then.,soumeshbanerjee
42,2021-10-12 19:43:38+00:00,1448011498161246209,"@Paytm For last year ticket I didn't get refund till date. From January every month I call your customer care @Paytm @Paytmcare and I get same feedback that soon i will get refund.
Booking id:10420690172 and complaint ticket I'd : 181 356 524.
I am fedup with your customer care.",senrobotics
43,2021-10-12 13:41:47+00:00,1447920436373856265,"@Paytm @PaytmBank @paytmbankcare 
More than 18 Hours You Block my refunds of the Payment I'll share all the things thru Chat, no response, Customer Care No Answer, Not Contacted after 10 min No Replys it is Your banking services @9425621313
Pls contact",SinghPreetman
44,2021-10-10 10:40:40+00:00,1447150080419524610,"@Paytm @Paytmcare @Paytm Kindly refund the debited amount with the order number-order id- 15463361644 Oder id- 15463729623 Oder id- 15462647230

Your customer care is useless.",KunzKunz11
45,2021-10-09 14:43:12+00:00,1446848725934956546,"Hello 
@Paytmcare @PaytmTravelCare 
 Why you are not refunding for my booking id #10349363811. Refund is already processed by 
@airindiain
 
waiting since last 1 year. no proper response from your customer care or 24*7
on same issue #easemytrip full refunded on time.
@Paytm",latif_sorathiya
46,2021-10-09 09:59:11+00:00,1446777252071440388,@Paytm @Paytmcare @PaytmMoney @PaytmBank i transferred 300rs wrongly to 8778235114 now customer care told to print indemnity and sign and send but i don't have printer and due to covid local shops are closed i request you to reverse the amount,prateek2610
47,2021-10-09 08:45:31+00:00,1446758715726594049,@Paytm fraud company no customer support doesnot care for customers.  Need call back  at 9582226639,gauravshokeen90
48,2021-10-06 06:35:32+00:00,1445638840035667977,"@Paytmcare Dear Team,Many time i call your customer care dept still i am facing issue last four month Flight /Train/ Bus i can not book from your paytm app erros is showing.Many times i update paytm apps but same facing same issue.Request kindly solve complain ticket 22047516974 https://t.co/dG55gzcDgl",sethis39
49,2021-10-05 08:54:31+00:00,1445311428303343617,"@Paytm My Account Blocked They Ask Me To Upload Id Proof With ""Selfie"" It's Done But Still My Account Not Unblock My reference :3111292684 It's Urgent Now Unblock My Account Immediately There Is No Response From Customer care number I Have Raised Numbers Of Tickets No Response @Paytm",moosadigital
50,2021-10-02 21:26:49+00:00,1444413586030284800,@flipkartsupport worst services Money Debited from Paytm Wallet but order not placed. Order. ID123003715112858000. Nobody has ever bothered to revert back despite mailing repeatedly to backend Team. Customer Care is completely clueless. Big Scam in BBD. https://t.co/YCYEgvpVwL,varunkshp
51,2021-10-01 18:27:56+00:00,1444006180276240387,@Paytm @PaytmMall @vijayshekhar you thiefs where is my money a customer send me ‚Çπ790 on my merchent a/c linked with 9560190149 i have taken pic of the transaction attached below I called your @Paytm customer care agent vikrant kumar told me there is no such transaction @nch14404,GurvinderRaj13
52,2021-09-30 09:39:21+00:00,1443510770772234245,#cred Customer Care Number &gt; O9883915047 &lt; credit card payment pay rent and net banking up phone per Google per Paytm up solve complaint call me just now available nice support toll free nice today.... https://t.co/WxaEQMBkvU,Rajaa0143
53,2021-09-28 15:51:03+00:00,1442879536656371720,"@Paytm I contacted customer care who opened the ticket number: 3111559603 and received proof of screenshots. However i have received no response from that.

(2/n)",TauMax_Academy
54,2021-09-28 11:44:10+00:00,1442817404749291521,"@Paytm @PaytmBank @Paytmcare Your customer care service is World worst and world slowest service ever,  that's the reason @PhonePe_  is india's no 1 payment app of all time, they resolve our problems faster then your replies, Check My DM. My Ticket No-3111132957 @vijayshekhar",SahilPicasso
55,2021-09-27 03:10:54+00:00,1442325851761045507,"@Paytm @vijayshekhar 
Pathetic customer care service from your end. No response from your end for ticket number 3108010560 despite multiple follow up.",anikchowdhury
56,2021-09-23 13:29:25+00:00,1441031952832729095,"@Paytm I have transferred rent payment but it's still credited to landlord account. Order No 15245722304.
Kindly check and update as no customer care number Availabile for rent payment queries.",kartik_tolia
57,2021-09-23 06:57:34+00:00,1440933341792854027,"@Paytm 
@Paytmcare 

REFERENCE NUMBER: 124930260824

TRANSACTION DATE: 06th SEPTEMBER

THIS IS NOT YET CREDITED TO THE MERCHANT

IT IS NOT REFUNDED IN MY A/c

NO ONE in CUSTOMER CARE IS READY TO TAKE CALLS

TRIED IVR &amp; TOOK MORE THAN 30 MINS, PRESS THIS &amp; THAT BUT NO AGENT

????",vishnuntripathi
58,2021-09-22 05:51:16+00:00,1440554267727712264,"@Paytmcare @Paytm @PaytmMall I ordered table with order ID 15037575314 The product is damaged and your return policy allows to return but customer care is not helpful kindly look into process and compensation is required for the same
@CimGOI @FinMinIndia @GoI_MeitY https://t.co/pKWygHu3ES",akhilanandindia
59,2021-09-21 06:14:43+00:00,1440197780060868618,@RajputKrishana @Paytm you can directly register your complaint on our CRM portal or by contacting customer care cell at 18002333555. We assure you the best service. Contact on 1906 for emergency complaint related to gas leakage. 3/3,HPCL
60,2021-09-20 08:31:51+00:00,1439869905415782400,@Paytm I tried to contact your customer care but no use .showing loan in cibil which is not belongs to me loan account no: PYTMPPH959996518235 .My email I‚Äôd chsunil99@gmail.com,csunilnew
61,2021-09-19 07:21:57+00:00,1439489926458793988,"@Paytm very bad service, customer care number to lagta he nhi.17 September 2021 ko mane cab ki meru cab. Cab nhi aei details nhi aei but mere paise jarur Kat Gaye. Why return my money asap. Kyu paise Kate mere. Transaction ID:¬†11120210917203826312 please find and revert asap.",stutisharma2326
62,2021-09-18 15:33:35+00:00,1439251263523225604,"@Paytm @Paytmcare 
I'm trying to connect with paytm care but didn't get any response. Few days back I raise refund request for customer from my paytm business  but still it's pending how should I know it will proceed Or not
Order id T2109122216216355277135",stidie_amrut
63,2021-09-18 09:04:17+00:00,1439153293251416067,"@Paytm @Paytmcare #transactions Please help. I contacted customer care at this number: 01204456456 but I am unable to talk to agent. Need help regarding the wrong transaction done to different merchant. Please reverse this transaction.
Txn ID: 126149565475
Mb No: 7719558031",sumedha151089
64,2021-09-16 06:56:56+00:00,1438396465517191171,"@Paytm anyone listening ? No response of DM also and 24 hrs have passed, no response from 24*7 customer care on app, ticket no. 22046962917,",taranjitanand
65,2021-09-14 23:49:38+00:00,1437926546044489738,"@PaytmMoneyCare @Paytmcare Please unblock my account
Paytm number 9517186569
Main pareshan Ho Gaya Hun Paytm customer care par call karte karte",SochoDell
66,2021-09-14 23:35:38+00:00,1437923022594314246,"@PaytmMoney 
Please unblock my account
Paytm number 9517186569
Main pareshan Ho Gaya Hun Paytm customer care par call karte karte Mera paisa return kar do Rs 1,16000 hai please",SochoDell
67,2021-09-14 20:00:03+00:00,1437868770274517001,"@PaytmBank Please unblock my account
Paytm number 9517186569
Main pareshan Ho Gaya Hun Paytm customer care par call karte karte Mera paisa return kar do Rs 1,16000 hai please",SochoDell
68,2021-09-14 07:58:23+00:00,1437687155262992385,@RiturajIND @IRCTCofficial @Paytm Customer care...9692347119,SaniyaK46478466
69,2021-09-14 04:12:18+00:00,1437630260565069830,"Pnr 8340924111 is cancelled by me on 3sept. Didn't got refund yet..  @AshwiniVaishnaw 
The customer care executive told me to mail but still they didn't refunded my money.. it's worst experience with @IRCTCofficial @Paytm till date",TKaraiya
70,2021-09-13 11:02:19+00:00,1437371054201008135,"@Paytmcare @Paytm  Transferred 12,500 on September 2nd to 9902066838. But recipients says they did not received the payment. The money is not reversed to me either. Please look into this at earliest. Tried connect to customer care, no luck.",Deekshi1
71,2021-09-13 08:40:03+00:00,1437335255472435207,"@Paytm cheaters two time money they have deducted and not refunded yet ....cheat fraud even customer care people are zero knowledge.

No buddy is helping.

9322544565",KushRAI18
72,2021-09-12 06:24:55+00:00,1436938856339628040,"My account is 15-20 days old today, verification is pending &amp; my payments are not on hold. If you don't complete the verification Mob : 7908254751, back up the money. If you call your customer care, it will take 1-2 days. Thanks for the bad service @Paytm @PaytmMoney @PaytmBank",Ranjitroy375
73,2021-09-12 05:04:20+00:00,1436918577055948800,"@Paytm Tried all Customer care numbers 01205445456, 5555555555, 0120-3062244,38883888 but couldn‚Äôt connect with customer executive.  
Please help. It is urgent.",ritu_yadavv
74,2021-09-11 10:22:27+00:00,1436636246630178818,"@Paytm @Paytmcare @PaytmBank 
Pls check the ticket no 3106064546, as i paid 1750rs to some merchant, paid from your side but havnt recieved by merchant, acc to merchant transanction got cancelled... nobody from customer care is replying .. pls look into the matter and reply asap",Vkhannaa
75,2021-09-10 10:18:46+00:00,1436272933190574085,"Dear @Paytm its been more than 72 hrs and I have called ur customer care more than 6 times for rescheduling my flight, everytime they told I will get call from concern team shortly, but I didnot receive single call. pl ask ur team 2 cl
Booking ID 15000626720
call me @ 8015838586",Abhijit_Mpharma
76,2021-09-10 02:47:33+00:00,1436159379166806043,"@PaytmTravelCare @PaytmTravel
 
@Paytm 
 
Booking id-10306268645
Details are already provide to customer care but there is no solution.",Rajatdixit14
77,2021-09-09 13:14:00+00:00,1435954642161045504,"@PaytmTravel @Paytm 
Booking id-10306268645
Details are already provide to customer care but there is no solution... https://t.co/iRqSnrhwgT",Rajatdixit14
78,2021-09-05 07:49:11+00:00,1434423350906875911,"@Paytmcare @Paytm hi Team yesterday I did the electricity recharge of rs 3000 from my wallet no. 8802655723.
But this amount is not added to my meter. As per builder they have not received that money.
 There is no option to call paytem customer care or email them. Pls help https://t.co/i05DMNgd42",SanjayS33942425
79,2021-09-05 06:34:42+00:00,1434404604867801093,@PaytmBusiness what the stupid customer care team you handling and @Paytm @Paytmcare your company planning IPO . Pls ask any verified person to call and resolve issue 9911054940 @vijayshekhar,rickymakes
80,2021-08-31 03:38:02+00:00,1432548207339327494,"@Paytm @Paytmcare 
I have ordered the gold on 18th August, 2021. My Order no: #14756069166.
There is no update regarding the order. And there is no window to register the complaints. Bearly it is showing FAQ under 24x7 customer care window.",VenkyRebels
81,2021-08-30 08:11:44+00:00,1432254698451443712,@vijayshekhar @Paytm the customer care person was not at all polite and disconnected the call please hear last call from 9995020392 asked to connect to escalation desk he was very rude and shouting never ever heard customer care person shouting .,MathewThachil
82,2021-08-24 10:24:33+00:00,1430113794710147081,@Paytm your customers care number has dump I try 50 time of call but didn't connect to exicutive my problem is that I did receive of money 450 in my murchent account but the payment has not sattled in my account yet. please provide me solutions if possible contact 9045560977,himansh83509649
83,2021-08-22 04:25:46+00:00,1429298729052381188,"@Paytm @Paytmcare Payment has not reached the number till date ... Nobody is picking your customer care mobile number please respond ... 

The transaction was done by 8587859859 

Very pathetic service at your end ... https://t.co/XMUfn4qyis",ManpreetSnghVoV
84,2021-08-17 10:50:02+00:00,1427583493429547013,@airindiain I am unable to reach your customer care on call. Kindly confirm the #status of my #refunds pending since June for applications raised by @Paytm against the PNR YLTFR under the reference numbers 4001128857 and 4001128854.,thought0sphere
85,2021-08-14 18:08:05+00:00,1426606566355001349,"@ICICIBank @ICICIBank
I was wrongly charged with reference RPI/PayTm PGSI/202108030853/080303624077
I emailed to customer care to investigate. They are saying to block all internet services for 120 days. It's not possible. Kindly at least investigate this #fraud.
Don't pay me back.",kamal_lj
86,2021-08-11 03:37:54+00:00,1425300415361413120,"@dhanicares I made transaction at Paytm using Dhani Wallet, transaction failed. Paytm refunded money but you have not credited in Dhani wallet yet. I also sent a mail to customer care but no any proper response received. Order Id- 14613451356. Mob. No. -8505019003
#paytm",jlmmyfriends11
87,2021-08-10 07:29:59+00:00,1424996433627738115,@TubeOmkar @Paytm Call me 7318844196 customer care,jakhmijitendra4
88,2021-08-09 01:55:39+00:00,1424549908770529285,@Paytm how much time for one complaint resolution as I am in follow up since one week..no reply from customer care.. kindly provide contact number or connect me 9999350563,rohit_1977
89,2021-08-06 11:38:09+00:00,1423609334219493379,"@Paytm @Paytmcare  i had made a payment to @reliancejio &amp; now jio has returned me the payment but due to your wallet issue, the payment is not reflected in wallet.
Have tried calling customer care 01204456456 but all in vain.
Request you to kindly help me on priority basis.",monu7864
90,2021-08-06 05:25:07+00:00,1423515459794595840,@paytmmallcare not able to download the invoice for Order No. 14526862872. Such a disgraceful service you guys created. Can't believe @Paytm has created @PaytmMall! Zero customer care and service. Even the site takes 1 min to load completely. Learn from @amazonIN @Flipkart!,iamanigos
91,2021-08-03 09:42:30+00:00,1422493065835520002,"The service of you people is very useless, I will never shop from Paytm Mall from now onwards. Because it's been 7 days but you haven't replaced my product yet. And whenever I call customer care I can't talk to any of your executives, my order id is 14466666661 @PaytmMall",RajatSh76084036
92,2021-08-03 08:03:56+00:00,1422468260352561157,"@KotakBankLtd can you please have a look on complaint id:  24809 ?
I have been trying to reach customer care number (180030069090) but call is getting disconnected. 
@Paytm is asking to get written confirmation and @KotakBankLtd is saying nothing in written. 
#KotakFastagIssues",clmathuriya
93,2021-07-28 08:35:23+00:00,1420301847630319619,"@Paytm @Paytmcare @RBI @PMOIndia there has been a transaction with reference no 119702381482 of amount 10,000/- dated 16/7/21 to myself frm Mr Harshad, But i hv not recd , whereas yr customer care says it has been deposited to my merchant account. Kindly resolve at the earliest",HarjeetSondhi
94,2021-07-28 06:10:35+00:00,1420265409194823681,"@airindiain @airindiain Many calls and multiple time shared the ticket number with customer care but no outcome. 
Ticket number- 0984723437147
mail- sanjeepkumardas@gmail

I think @Paytm @Paytmcare are busy in refunding other customer. Worst ever service by @Paytm and their @Paytmcare",anil_prusty56
95,2021-07-26 05:23:36+00:00,1419528810484047873,@PaytmBank Sir I'm face a big issue with paytm bank account 917006283020 sir also connect with customers care they told me to upload all necessary documents to remove limit to add money in bank. I also upload that but i not able to add money in bank account.solve this https://t.co/fceQi0YkxR,Pankaj03389218
96,2021-07-25 08:28:00+00:00,1419212827915481089,@thanvihh @Paytm Customer care number... 9810453324,Abhishe91226623
97,2021-07-21 12:06:36+00:00,1417818287308644354,@Paytmcare @Paytm customer care not picking call plz help call me 7999799546,Gagandeep7999
98,2021-07-18 18:23:11+00:00,1416825894643978241,"@Paytmcare @Paytm @PaytmBank 
I have made a transaction towards loan repayment with order id-14318016707 for rs.4000, amount debited and still emi confirmation is pending, I have try to reach your customer care even no one responded from last 2 days
I appreciate your poor service",Mr_Rajansoni
99,2021-07-15 10:03:39+00:00,1415613018981822466,@Paytm @Paytmcare @vijayshekhar Order # 13549394255.....GRIEVANCE CELL AND CUSTOMER CARE HAS NO TIME TO REPLY AND RESOLVE ISSUE ARE THEY TOO INVOLVED IN IPO PROCESS?,ChakrA_Sut
100,2021-07-14 06:40:03+00:00,1415199393389551617,"Hi @Paytm 
This account is scamming people, please see if you can do anything about it.
Also, the scammer called from 6290321855. Posing to be from @PhonePe_ customer care https://t.co/rYyKAMJMic",svm2202
101,2021-07-12 14:38:04+00:00,1414594916840136707,"@Paytm hiiii Kindly arrange to resolve my grievance. today evening made a transaction and  upon scanning the barcode of the vendor, amount got transferred to another person as another account got mapped with that barcode. 7503889646

No Customer care executive attending my call.",dineshpandey06
102,2021-07-11 19:10:08+00:00,1414300994599415812,"Dear @Paytm @Paytmcare 
Booked a ticket for my parents, order id 14250925393, bus operator not picking the call. It is midnight now &amp; your customer care says- Wait till the bus come!
#disappointed #badservice",sodanimohit
103,2021-07-08 01:59:12+00:00,1412954389342351362,"@Paytm @vijayshekhar  Sharma what kinda customer service are you providing.For everything you just set a BOTwhi know nothing except time pass. 
I am trying to contact since last many centuries but unable to connect with customer care.
account mobile no: 8447912649
call at this no",cancerthezodiac
104,2021-07-07 11:14:02+00:00,1412731631434014724,"@Paytm @Paytmcare 
I'm working on behalf of Hangout Cakes IT Department, plz arrange a call back as we have to stop accepting payments on @Paytm from our customers. we are now only able to accept payments on @PhonePe_ @GooglePay @bharat_pe_Care plz ask ur team 2 call 7506470063",NinjaFoxxx
105,2021-07-06 08:50:58+00:00,1412333236814974983,"@GooglePayIndia @GooglePay Filed a complaint on March 7,21 case I‚Äôd[7-5580000031199]. Still no response from customer care team. How long should I wait more to get it resolved ??@PhonePeSupport @Paytm @amazonpay",rehan__wazir
106,2021-07-05 06:37:31+00:00,1411937265161408515,"@ViCustomerCare yesterday did a recharge for my mother for rs 1499 through Paytm but still the plan is not activated.¬†you have queries regarding your Recharge, please contact Vi customer care with Operator Ref No.¬†ONR2107042044200326",Nknagori
107,2021-07-05 03:17:10+00:00,1411886846439673859,@Paytm @Paytmcare Sorry to inform about non-redressal of my fund transfer complaint despite email to Mr Pranay Kar and others on 28.06.2021 and reminder on 04.07.2021 &amp; other correspondence. No contact no. of any customer care official available. Pl help. R. P. Sharma. 7024116259,RPSharm71698655
108,2021-06-26 08:51:09+00:00,1408709403906232321,"I've recharged my @BSNLCorporate  number with the txn ids as follows

1.PGSM260621130830 (Rs. 328) 
@PhonePeSupport 
 
2.PGSM260621133175 (Rs. 75)
@Paytm 
 
Both got failed but money deducted. 

I called customer care number they said your money will not come back.",ayinalavenkat
109,2021-06-25 15:50:55+00:00,1408452656809480199,@Paytm How I booked slot because my account 919575365849 is blocked and customer care not reply my queries . Please respond me,Vikram5318
110,2021-06-25 08:09:52+00:00,1408336626577678339,"@iamchetan_1 @Paytm Hi Chetan! Yes, you can register a complaint by contacting us on our Customer Care Numbers 18001033039/18605003939 or you can send us an email at care@luminousindia.com, so that our team can connect with you at the earliest.",myluminous
111,2021-06-24 06:58:15+00:00,1407956217947852800,"My problem is not resolved from 8 September 2020 till now many times I have called to customer care they said I am eligible for refund of rs. 379 and they have not resolved it.
My booking ID is 11620515215 @Paytmcare @Paytm",Narendr56233148
112,2021-06-24 06:49:32+00:00,1407954023110438912,"My problem is not resolved from 8 September 2020 till now many times I have called to customer care they said I am eligible for refund of rs. 380 and they have not resolved it.
My booking ID is 11620515215 @Paytmcare @Paytm",Narendr56233148
113,2021-06-23 11:05:58+00:00,1407656168118390787,@paytm @paytmcare @vijayshekhar I am willing to go the consumer court as my last resort since your customer care has been of no help at all. Please reach out to me ASAP at 7982772562,RajuDas14390513
114,2021-06-23 08:15:18+00:00,1407613220823605249,"Hi @Paytm 
Is +91-7294937263 your verified customer care number. 
@Paytmcare",501Aditi
115,2021-06-21 05:07:43+00:00,1406841236887986176,"@Paytm you are also doing cheating with customer share wrong reference number , I do payment rent card two times but still not get status where are my money ,your customer care not well respond say I do not know ,then what I do y number 8757879608",samreshsammy51
116,2021-06-18 03:19:46+00:00,1405726905584607232,@raosamratoffc @Paytm @Paytmcare @UPI_NPCI @BankofIndia_IN NPCI customer care customer service customer support online transaction job apply 24 hour 6009695690,OnlineC90237976
117,2021-06-14 09:17:01+00:00,1404367261398302724,"@Paytm 
Your customer service is very bad and pathetic . Your customer care doesn't solve my query on this phone no -9910920899. I think I should witch to Amazon pay",ManishR13371620
118,2021-06-11 13:30:18+00:00,1403343836303093764,"@happyeasygo do you want to know how pathetic your customer care service is? Just check email communication for Order ID 757820451530612522 &amp; Case ID 1615022393475
I have used platform like @goibibo @Cleartrip  @Paytm but never faced such pathetic service",HarshalWankhed1
119,2021-06-09 14:13:28+00:00,1402629926746935299,"@Paytm @zomato @swiggy_in 
This my oder ID 3684492187
I am pay with @Paytm wallet @zomato mentione 50rs insta cashback.i am not getting cash back oder is yesterday chat with the most @zomato customer care wait for 48 hours more than. Y????",AreAresh6
120,2021-06-07 10:20:39+00:00,1401846560103669765,"@Flipkart @amazon @Paytm 
I have purchased an Exhaust Fan from Flipkart but got different item. Talked to Customer care &amp; replied to  me that there is no RETURN Policy, only replacement. I need refund. VERY DISAPPOINTED üòû
Order ID:  OD221870989427013000",amitkumarkxs
121,2021-06-04 09:28:09+00:00,1400746182092066821,@Paytm @Paytmcare @paytmmallcare order number 13741399400 I have received a broken bottle... Please refund and also I will make sure never return to order anything... Hardly a button there to talk to customer care.. https://t.co/RB2VPJUFiA,vishu31
122,2021-06-03 05:06:52+00:00,1400318040605020160,"@Paytm @Paytmcare don't understand why every time with new update there is new problem occur. Ridiculous
And not able to connect with customer care number 01204456456.

Nees solution Asap.",Ajju_ooo7
123,2021-06-02 07:28:14+00:00,1399991230201614339,@paytmbankcare Can you please contact me through phone call by any of Yours customer care executive ...... Mine registered mobile no. Is 7300188973 !! that will be my solution @Paytm @PaytmBank,Shekhawat_07_
124,2021-06-01 08:08:02+00:00,1399638859328102400,"@bharatpeindia Machine showing Error and your Customer care number 8882555444 is not working. Took 5k and now not responding #Pune #punetrader #CKMKB #swipe 
Third Class service. #COVID19Vic
#COVIDIOTS #cheaters #Bharatpe are cheating @Paytm is much better https://t.co/B3ggyanvFN",NitinUdaseen
125,2021-05-31 12:52:15+00:00,1399347996580483083,customer care several times but got no response from there side....i just want to know what useless  type of service @Paytm @Paytmcare  is offerring where one can't return a simple product. Order id of my product is 13613589647 @vijayshekhar @jagograhakjago @consumerforum_,audaciousanurag
126,2021-05-26 05:06:52+00:00,1397418937227235329,@Paytm Got a call ref my complaint from this number +919832531364 claiming to be a customer care exe. He asked my name and which department do I work in. He was rude and unlike a CC exe asking stupid question. I did not give any information. @LogicalIndians,shwetankgarg
127,2021-05-25 07:28:11+00:00,1397092116677881861,"@theofficialsbi @railminindia @paytm @axisbank @alkaanil99¬†Hey Anil, please note that a refund of INR 3890 stands processed from our end on 5th May with RRN:¬†111807943766. Please connect with your bank's customer care if you haven't received the amount yet. Thanks!",ixigo
128,2021-05-25 06:20:34+00:00,1397075100139020288,"@Paytmcare @Paytm @PaytmTravel @PaytmTravelCare @vijayshekhar

Cancelled flight booking id 10975847184

Customer care is not supporting at all! Disgusting behaviour, have to beg for our own hard-earned money @NeemaMadhur",ruchijadhav115
129,2021-05-22 13:13:44+00:00,1396091910700347392,"@4a2400508764459 Paytm is solely the Payment service provider in this transaction. We request you to contact the merchant through their customer care mentioned on the merchant's app or website. In case the merchant denies the service/refund, (2/3)",paytmbankcare
130,2021-05-22 06:57:16+00:00,1395997168641605632,"@Paytm @PaytmMall 
Its been more than 35 days i havent received refund for two of my orders. 
Order 1:13350297667
Order 2:13354016299
When i call customer care number,no option is given to talk to executive and the IVRS always say that refund of Rs. 0 has been done. Please help.",pulkit0803
131,2021-05-21 11:41:30+00:00,1395706310444785667,"@Paytm @Paytm @PaytmTravel  Dear sir, my name is abhishek raj and i have booked a flight for four persons on 20 april 2020 and my booking id-10448964921. But till now i have not gone my refund back and everytime when i call for refund then customer care tells that refund not updated.üôè",Abhishekraj109
132,2021-05-21 11:33:19+00:00,1395704255059693574,"@Paytm @PaytmTravel  Dear sir, my name is abhishek raj and i have booked a flight for four persons on 20 april 2020 and my booking id-10448964921. But till now i have not gone my refund back and everytime when i call for refund then customer care tells that refund not updated.üôè",Abhishekraj109
133,2021-05-20 14:24:32+00:00,1395384952573681666,"@XpressBees_IN 
Can u pl provide ur Kanpur (UP)off ph no,tried whole day,customer care useless,provided correct https://t.co/SVqgSUsmQc.(#14210220055605)says not traceble. Pkt fm Paytm Mall reached yes'day in Kanpur,says deliv. attempted, customer unreachable.Want to give alt no.",nandi_tk
134,2021-05-20 07:29:20+00:00,1395280466073186306,"@Paytmcare @Paytm I made a transaction for paying rent on 18May with order ID 13619752271. It says with 2-3 days, landlord wil get payment where as It not happened till now. Saddest part is that , I can't contact customer care directly on the same issue.",Srikant65948075
135,2021-05-19 13:57:35+00:00,1395015784821231618,"@airtelbank  @Paytm @PaytmBusiness  @reliancejio @narendramodi @PMOIndia @rsprasad @nsitharaman  kya bank hai sala account me paise hai fir bhi recharge nhi na koi customer care se call ???
Na hi call krege 9929609905 üò¢üò¢üò¢üò¢",9929609905
136,2021-05-17 10:24:02+00:00,1394237266776584193,"@Paytm Order I'd - 13560557768...it has been 36 hours since I did the recharge...still not processed...when I requested customer care to cancel the transaction, they have suddenly become unresponsive...kindly look into it..",ManaseejDas
137,2021-05-16 13:34:32+00:00,1393922819772194825,"@Paytm  folks am am frustrated with  your customer care ...booking Id: 13234290644, complain I‚Äôd - 190219182 , why you guys are charging me 3k per person for reschedule ..please see below notification from @airindiain , airinda offered free change option https://t.co/S4pOVXOwkn",Amity_0602
138,2021-05-15 16:13:34+00:00,1393600453095608324,My order number is 12499019950 still I didn‚Äôt receive my order system is showing orders delivered I completed several Tim in Paytm customer care and courier customer care no use check what happened my order,Ravikum75700070
139,2021-05-14 06:37:40+00:00,1393093135652179969,@DeeepManchanda @vijayshekhar @Aparna @GooglePayIndia @Paytm please initiate refund ASAP for undelivered order as None of your customer care executive are picking up call or replying .My login ID is lr148963@gmail.com and login number is 7292000843 and order I'd is 609d4269e35fb970edab87d7.   contact me at 8130480117,Lalit37898802
140,2021-05-13 12:18:36+00:00,1392816545445814278,"Booking ID: 12917199599
Ticket No: 0984722064556
Airline @airindiain 
I booked above flight through @Paytm . Because of some reason I canceled my booking on 19th March. It‚Äôs been around 2 months haven‚Äôt received refund also not satisfactory answers from customer care executive.",GavhaneAbhisg
141,2021-05-13 10:41:01+00:00,1392791987779104770,"@Paytm Paytm customer care has also confirmed the receipt of the said amount ‚Çπ4463.Kindly assist me with the reimbursement. Alamgeer, contact 7889582437. Email malamgeer493@gmail.com",MdAlamg49198210
142,2021-05-11 18:36:20+00:00,1392186830091481092,The most pathetic customer care support I‚Äôve ever experienced till now. It‚Äôs been more than 50 days my airline ticket refund has not been processed. I‚Äôve followed up more than 20 times and they have kept me lingering for it. Booking ID: 10289493869 @Paytmcare @PaytmTravel @Paytm,mightycaucasus
143,2021-05-11 06:28:15+00:00,1392003600491057152,"Hello @Paytmcare team, I am waiting for an update wrt ticket Reference No.: 188621817 to issue a notification SMS for refund on the ticket booking 10210253323. I am not able to reach customer care and no response yet received on mail.
Please help to get an update on it
@Paytm",itsmesumanc
144,2021-05-10 19:03:15+00:00,1391831214567264258,"@Paytm Failed mutual fund amount not credited in my
account after several contact with customer care.
Transaction id : NR-MF-IIFMF-C-100421-106268
Amount : 46,980
Further details.
Name : Rishank Kumar Singh
Pan : JKVPS7563E
ACCOUNT NO : 919651662275
IFSC CODE : PYTM0123456",RishankKrSingh
145,2021-05-10 10:39:56+00:00,1391704553473642502,"@vijayshekhar @Paytm @Paytmcare 
Dear team, Please check this order id 10351460234 dated 15 Feb 2020 | 11:15 pm, I did not received any refund against the fight booking.
Its been more than one year i havent received any refunds yet.. 
Despite of calling all the customer care no.",Sanchhitt
146,2021-05-10 08:50:40+00:00,1391677052328108033,"@Paytm @Paytmcare It's been more than a year and still waiting for resolution, or you don't care about your customers. Order number 12129050041 and 12115092496, if some one still interested in solving. https://t.co/9WHXsx94k4",speak2turk
147,2021-05-09 14:27:38+00:00,1391399468243689472,@vijayshekhar @Paytm @Paytmcare I am not able to generate payment link for payment more than 5K. For this issue continuously I am trying to ask the customer care executive for more then 1 hr but none of them is able to resolve the issue. Reg No 6364518989. #Clueless_Team.,KlincoLaundry
148,2021-05-09 13:20:09+00:00,1391382485594898435,"@Paytm For one of my merchant account (+91 9828538077 - Rakesh), I have not received settlement for the last 6-7 months for the payments. I called the customer care a few days back and was told the issue will be resolved in 2 days. There has been no response yet. Please check.",gupta_jatin_
149,2021-05-08 02:13:37+00:00,1390852359337615360,@Paytmcare @PaytmTravel @Paytm My flight ticket refund is pending from last Year December 2020. Still it has not been processed. PNR-S54B7Q. ACM- 8022834690. Calling customer care no response from them.,Rishabh32155371
150,2021-05-06 11:27:36+00:00,1390266998114848781,@MKTrivedi3 @Imakhileshgiri @HDFCBankNews @HDFC_Bank @FinMinIndia @Paytm @HDFCBank_Cares 9144972863 customer care number call me,Layakt2
151,2021-05-06 07:55:45+00:00,1390213684107087876,"@RahulTr02953536 Refund of Rs 390 against cancellation of your train ticket with booking id 12679293933 has been processed.

The refund will reflect in your Paytm Postpaid within 24hrs.

Further, the customer care number for Bank, Wallet &amp; Payments is 0120-4456-456.",PaytmTravelCare
152,2021-05-05 09:00:26+00:00,1389867571034292225,"@rakeshpupneja @Paytm @Paytmcare Even same here pending from 3days Order id: 13441612841, @Paytm @Paytmcare please look at dm, no customer care number also to connect. Please close it soon.",0Dreamboy0
153,2021-05-04 04:51:37+00:00,1389442569520631808,"@vijayshekhar Please ask employees to work proactively ,its been 23 days(17 working days) , but still i am waiting for refund, i hope @Paytm @Paytmcare  dont care about their customers concern. i want my refund in next 24 hrs.Order id- 13280722954",ashutoshjha63
154,2021-05-02 21:37:10+00:00,1388970848132812801,"@Paytm @Paytmcare @vijayshekhar Booking ID 13280722954 , this booking was cancelled by Airline due to some operational reasons, its being 22 days (15 working days ),also i confrmd with airline and they refunded , but @Paytmcare , dont care about their care about their customer.",ashutoshjha63
155,2021-05-02 15:39:35+00:00,1388880857797054466,@Paytm @Paytmcare Ordered ID 13375651674 already mgs to customer care for cancellation but it not cancelled https://t.co/nf1iiaa6wM,finetecheng
156,2021-05-02 10:00:44+00:00,1388795583146565633,"@paytmmallcare @PaytmMall @Paytmcare @Paytm 
I have ordered a product with order I'd 
#13450380426.It is delivering to some other address and delivery is getting delay due to covid. I am not getting any assistance from customer care helpline.
Immediately take response.",SUDHAKA68184684
157,2021-05-01 10:14:06+00:00,1388436561541304321,"@Paytm 

What is this i want to buy this product but showing an issu plz resolv and call me early
My n. 9125700773
I try to contact to  0120-4606060 customer care but not reach any customer support team
Call me https://t.co/5OdXg5DKs8",anchalc4
158,2021-04-27 16:14:14+00:00,1387077640390004736,"@Paytmcare  I have purchased Mumbai metro store value pass with order number 10091289287 same I have cancelled on 27 Feb 2021 but till date I have not received refund, I have raised this issue through Paytm app and also called customer care but still not received the solution",Vaibhav67048162
159,2021-04-27 11:06:15+00:00,1387000133984817155,@PaytmBank @Paytmcare @Paytm your customer care not resolving my issue. I expect a revert asap. 9776553645,AsishBikash
160,2021-04-27 07:59:19+00:00,1386953090503352330,"@Paytm 
@Paytmcare 
old kyc cancellation nahi hua aur aapke customer care executive ne mujhe se adhaar card aur pancard ka origenal card ka selfie khick kar whatapp no. behjo bola hai. jiska no. yeh hai. 9863335105.",SumeetK33935860
161,2021-04-26 06:46:31+00:00,1386572381221576706,"@Paytm 
@Paytmcare
Wallet ‡§∏‡•á ‡§™‡•à‡§∏‡§æ ‡§≠‡•á‡§ú‡§æ transaction pending ‡§π‡•à customer care ‡§Æ‡•á‡§Ç ‡§¨‡§æ‡§§ ‡§ï‡§∞‡§®‡•á ‡§ï‡§æ ‡§ï‡•ã‡§à ‡§®‡§§‡•Ä‡§ú‡§æ ‡§®‡§π‡•Ä‡§Ç ‡§π‡•à ‡§ï‡•É‡§™‡§Ø‡§æ ‡§∏‡§Ç‡§ú‡•ç‡§û‡§æ‡§® ‡§≤‡•á‡§Ç
8840663607",Jaysnatan1
162,2021-04-23 06:22:36+00:00,1385479197582266368,@vijayshekhar This is to bring to your notice that an amount of Rs 2915/- refunded by @goair on 23/03/2021 for a flight booked through @Paytm Booking ID:10285088590 has yet not been credited to OUR account. ITS BEEN MORE THAN A MONTH no response from customer care.Quite perplexed,ashy505
163,2021-04-22 10:44:32+00:00,1385182727939391490,"@Paytm Pathetic service &amp; fraud company. Ordered matters for my parents on 07/03. Order ID 12952510992.
There's no customer care, no email id to resolve my issue. Cancelled the order since a month hoping it wont come, and there's no progress. @vijayshekhar",sanjeevani_jain
164,2021-04-22 10:44:27+00:00,1385182708867899392,"@ZeeNewsEnglish @Paytm Pathetic service &amp; fraud company. Ordered matters for my parents on 07/03. Order ID 12952510992.
There's no customer care, no email id to resolve my issue. Cancelled the order since a month hoping it wont come, and there's no progress. @vijayshekhar",sanjeevani_jain
165,2021-04-22 10:44:20+00:00,1385182677276319750,"@Paytm Pathetic service &amp; fraud company. Ordered matters for my parents on 07/03. Order ID 12952510992.
There's no customer care, no email id to resolve my issue. Cancelled the order since a month hoping it wont come, and there's no progress. @vijayshekhar",sanjeevani_jain
166,2021-04-22 10:44:10+00:00,1385182636595834880,"@Paytm Pathetic service &amp; fraud company. Ordered matters for my parents on 07/03. Order ID 12952510992.
There's no customer care, no email id to resolve my issue. Cancelled the order since a month hoping it wont come, and there's no progress. @vijayshekhar",sanjeevani_jain
167,2021-04-22 10:43:59+00:00,1385182590483636225,"@PaytmBusiness @Paytm Pathetic service &amp; fraud company. Ordered matters for my parents on 07/03. Order ID 12952510992.
There's no customer care, no email id to resolve my issue. Cancelled the order since a month hoping it wont come, and there's no progress. @vijayshekhar",sanjeevani_jain
168,2021-04-22 10:43:54+00:00,1385182569927303169,"@Paytm Pathetic service &amp; fraud company. Ordered matters for my parents on 07/03. Order ID 12952510992.
There's no customer care, no email id to resolve my issue. Cancelled the order since a month hoping it wont come, and there's no progress. @vijayshekhar",sanjeevani_jain
169,2021-04-22 10:43:45+00:00,1385182532304441344,"@Paytm Pathetic service &amp; fraud company. Ordered matters for my parents on 07/03. Order ID 12952510992.
There's no customer care, no email id to resolve my issue. Cancelled the order since a month hoping it wont come, and there's no progress. @vijayshekhar",sanjeevani_jain
170,2021-04-22 10:43:37+00:00,1385182498896834561,"@AkanchaS @Paytm Pathetic service &amp; fraud company. Ordered matters for my parents on 07/03. Order ID 12952510992.
There's no customer care, no email id to resolve my issue. Cancelled the order since a month hoping it wont come, and there's no progress. @vijayshekhar",sanjeevani_jain
171,2021-04-22 10:43:25+00:00,1385182448921681921,"@IndianOilcl @Paytm Pathetic service &amp; fraud company. Ordered matters for my parents on 07/03. Order ID 12952510992.
There's no customer care, no email id to resolve my issue. Cancelled the order since a month hoping it wont come, and there's no progress. @vijayshekhar",sanjeevani_jain
172,2021-04-22 10:43:19+00:00,1385182423051243521,"@Paytm Pathetic service &amp; fraud company. Ordered matters for my parents on 07/03. Order ID 12952510992.
There's no customer care, no email id to resolve my issue. Cancelled the order since a month hoping it wont come, and there's no progress. @vijayshekhar",sanjeevani_jain
173,2021-04-22 09:47:00+00:00,1385168251244617730,"Hi  @PaytmMall @Paytm @Paytmcare   I have  ordered some clothe with order I'd 13315271848
. The clothes was  not what shown in picture with  cheap quality  , it's been 8 days I am trying to return from the day I received ,  I am not able to call you from your customers care no",THAKURBIDYA
174,2021-04-21 08:55:46+00:00,1384792967450218496,"@paytm @paytmcare @vijayshekhar Sir, i had returned swipe machine (A910) dated 21st. Nov. 2020. So many times, i had called customer care, they said within 60 days, we will refund your rs. 8750/-. Now, 130 days, still not receive my money.
Panda Variety store
Mob. No.9438379346",PandaVariety
175,2021-04-21 06:23:41+00:00,1384754693503545347,"@paytm @paytmcare @vijayshekhar Sir, i had returned swipe machine (A910) dated 21st. Nov. 2020. So many times, i had called customer care, they said within 60 days, we will refund your rs. 8750/-. Now, 130 days, still not receive my money.
Panda Variety store
Mob. No.7978604936",PandaVariety
176,2021-04-20 15:59:10+00:00,1384537130513227780,@Paytm very disappointed service. Customer care service ia too slow. 8767301333,UMESHSAWANT3012
177,2021-04-16 16:57:23+00:00,1383102230887165958,"@vijayshekhar Name - Mohammad safwan
A/C - 919137944900
IFSC - PYTM0123456
My @Paytm account is blocked on 12/04/2021
 And i report every day but no any reply from @Paytmcare customer care 
I am totally frustrated 
And i request to @Paytm  please unblock my ac @Paytm  @vijayshekhar @PaytmBank",iam_safwan01
178,2021-04-16 16:57:09+00:00,1383102174503206912,"@vijayshekhar @AnthonyPY_Tan Name - Mohammad safwan
A/C - 919137944900
IFSC - PYTM0123456
My @Paytm account is blocked on 12/04/2021
 And i report every day but no any reply from @Paytmcare customer care 
I am totally frustrated 
And i request to @Paytm  please unblock my ac @Paytm  @vijayshekhar @PaytmBank",iam_safwan01
179,2021-04-16 16:56:06+00:00,1383101909221789696,"@CNBCTV18News @vijayshekhar @Paytm Name - Mohammad safwan
A/C - 919137944900
IFSC - PYTM0123456
My @Paytm account is blocked on 12/04/2021
 And i report every day but no any reply from @Paytmcare customer care 
I am totally frustrated 
And i request to @Paytm  please unblock my ac @Paytm  @vijayshekhar @PaytmBank",iam_safwan01
180,2021-04-16 09:54:30+00:00,1382995809709424640,"@Paytm Name - Mohammad safwan
A/C - 919137944900
IFSC - PYTM0123456
My @Paytm account is blocked on 12/04/2021
 And i report every day but no any reply from @Paytmcare customer care 
I am totally frustrated 
And i request to @Paytm  please unblock my ac @Paytm  @vijayshekhar",iam_safwan01
181,2021-04-16 09:03:09+00:00,1382982885259415552,@Paytmcare @Paytm @vijayshekhar The worst customer care ever! have been following up for a refund for a month and the only response I get from them is that there is a technical issue and they disconnect the call. Looting customer's money! Booking ID: 10175485966,suhassridhara
182,2021-04-15 16:55:05+00:00,1382739263486267393,"@ikshitmistry @vijayshekhar @riteshagar @MidnightMillenn @leherapp @vikasmalpani Name - Mohammad safwan
A/C - 919137944900
IFSC - PYTM0123456
My @Paytm account is blocked on 12/04/2021
 And i report every day but no any reply from @Paytmcare customer care 
I am totally frustrated 
And i request to @Paytm  please unblock my ac @Paytm  @vijayshekhar @PaytmBank",iam_safwan01
183,2021-04-15 15:56:34+00:00,1382724537683378180,"@prakhar_kapoor @vijayshekhar @KapilChopra72 @eazydiner @Paytm Name - Mohammad safwan
A/C - 919137944900
IFSC - PYTM0123456
My @Paytm account is blocked on 12/04/2021
 And i report every day but no any reply from @Paytmcare customer care 
I am totally frustrated 
And i request to @Paytm  please unblock my ac @Paytm  @vijayshekhar @PaytmBank",iam_safwan01
184,2021-04-15 15:52:16+00:00,1382723456349859843,"@FittestGeek @vijayshekhar @drriteshmalik Name - Mohammad safwan
A/C - 919137944900
IFSC - PYTM0123456
My @Paytm account is blocked on 12/04/2021
 And i report every day but no any reply from @Paytmcare customer care 
I am totally frustrated 
And i request to @Paytm  please unblock my ac @Paytm  @vijayshekhar @PaytmBank",iam_safwan01
185,2021-04-15 06:28:28+00:00,1382581572042297347,"Dear @Paytmcare @Paytm i am waiting for my refund money since last 3months But you have not reply on my any e-mail so that's why I am complaining about my refund money on this platform. my Booking Id:-10184132321.
I have also called on your customer care no. But they do not pick.",SauravAnand884
186,2021-04-14 20:37:25+00:00,1382432829628313601,"@vijayshekhar Name - Mohammad safwan
A/C - 919137944900
IFSC - PYTM0123456
My @Paytm account is blocked on 12/04/2021
 And i report every day but no any reply from @Paytmcare customer care 
I am totally frustrated 
And i request to @Paytm  please unblock my ac @Paytm",iam_safwan01
187,2021-04-14 20:36:30+00:00,1382432598643802114,"@vijayshekhar Name - Mohammad safwan
A/C - 919137944900
IFSC - PYTM0123456
My @Paytm account is blocked on 12/04/2021
 And i report every day but no any reply from @Paytmcare customer care 
I am totally frustrated 
And i request to @Paytm  please unblock my ac @Paytm  @vijayshekhar @PaytmBank",iam_safwan01
188,2021-04-14 20:36:00+00:00,1382432472248381440,"@vijayshekhar Name - Mohammad safwan
A/C - 919137944900
IFSC - PYTM0123456
My @Paytm account is blocked on 12/04/2021
 And i report every day but no any reply from @Paytmcare customer care 
I am totally frustrated 
And i request to @Paytm  please unblock my ac @PaytmAshaKiran",iam_safwan01
189,2021-04-14 20:35:06+00:00,1382432245370134529,"@aditiraval @vijayshekhar @Paytm Name - Mohammad safwan
A/C - 919137944900
IFSC - PYTM0123456
My @Paytm account is blocked on 12/04/2021
 And i report every day but no any reply from @Paytmcare customer care 
I am totally frustrated 
And i request to @Paytm  please unblock my ac @Paytm  @vijayshekhar @PaytmBank",iam_safwan01
190,2021-04-14 20:34:07+00:00,1382431996798849026,"Name - Mohammad safwan
A/C - 919137944900
IFSC - PYTM0123456
My @Paytm account is blocked on 12/04/2021
 And i report every day but no any reply from @Paytmcare customer care 
I am totally frustrated 
And i request to @Paytm  please unblock my ac @Paytm  @vijayshekhar @PaytmBank https://t.co/AXAI2vA7xG",iam_safwan01
191,2021-04-13 07:38:52+00:00,1381874513252511747,"I still haven't received refund for a more than 1 year old booking ( booking id : 9997096156 ). Despite several customer care call and emails still there is no resolution. Amount pending for refund is ‚Çπ591 and ‚Çπ2873.
@Paytm @Paytmcare @PaytmBank @PaytmTravel @PaytmTravelCare",Arpit_sr1
192,2021-04-12 15:35:45+00:00,1381632135254040578,"#cyberpunk are faster then you guys, received fake @Paytm customer care call from mobile number +919883999657, you guys jeep sleeping.
@Cyberdost @mpcyberpolice Pls look into this.",desh_jn
193,2021-04-10 11:07:42+00:00,1380839905039908866,"@Paytmcare @consaff please support for my refund, from @Paytm Booking I‚Äôd 10470575869? I have given up on @Paytmcare customer care after 20 phone calls and 1 months of follow up.",MVachaspati
194,2021-04-10 05:42:50+00:00,1380758148642828294,"@vijayshekhar
@Paytm
@Paytmcare 
Hi Vijay, i didnt get my refund for a returned order waiting for more than 3 months. Reached to customer care also so many times but they simply raising and closing ticket no resolution yet. Should i forgot my money?
Mob: 9584385592",GautamS18251197
195,2021-04-07 00:36:19+00:00,1379593845717966848,@airtelindia very very poor service of airtel bank ..waiting since 3 months neither fastag money refunded nor deactivated my fastag so that I can purchase new one. Paytm bank is much https://t.co/iXdP6uHalT official care about Customer #9910134001 take action.,drmkgoel
196,2021-04-06 04:23:47+00:00,1379288703525285895,"@Paytm there is so much confusion related to the refund on the order id: 12964663324. The customer care has failed to provide me a proper resolution and keeps giving me another 7 days to wait after the expiry of first 7 days.

I am attaching the response from the airlines below https://t.co/AIrfiza8gn",lohit_neel
197,2021-04-03 06:44:56+00:00,1378237060163588096,"@Paytm I have order one neck bluetooth headset from your application but seller send wrong products and your customer care executive is doing faver of fraud sellers kindly look in ti this issue, order no.13010512568",nitin_vrg
198,2021-04-02 19:44:14+00:00,1378070792777297923,@PaytmBusiness @Paytmcare @Paytm what kind of customer care u r having i dont know i am using ur All in one Pos machine and its not working from@last two days but none of them are interested in solving my problems. I am having two machines of ur All in one Pos.7004163044,vishalkediaa
199,2021-04-01 15:40:30+00:00,1377647065421860867,@Paytmcare @Paytm I have been trying to report faulty products delivered from yesterday afternoon. The app interface is not allowing me to upload pics and the customer care number is just vain. Kindly look into this Order ID: 13148289030. It contains two products of same company.,nitinnekkanti
200,2021-03-29 13:05:35+00:00,1376520913861050383,@paytmbankcare @ravi6617 @PaytmCybercell Fraud Paytm customer care numbers available online also. From these nos. Fraudsters calls to people claiming themselves as representative of Paytm. One number is 6291670660. https://t.co/6NHlESMUpN,Manish70794875
201,2021-03-26 10:11:19+00:00,1375389897062633472,@Paytm @Paytmcare @paytmmallcare Hi i bought KAFF chimney and damaged product has been sent. I raised return request on the same day it is delivered.. Order id 12920179853.. But your customer care is highlyyyy confused and cheatinggg. They blindly canceled return. why the hell?,lakshmikanth_j
202,2021-03-25 15:44:12+00:00,1375111282420944900,@Paytm customer care number 8101008091///online payment problem solved 24 hours online money refund https://t.co/IfjoAIRLyI,Aaskr5
203,2021-03-25 09:44:27+00:00,1375020747635138564,"@Paytm dear sir my transactions pending almost 3days still showing pending. I tried to many times ur customer care number but no use. Where is my payment. I want now my amount
Mobile number 9515235665 https://t.co/G3W7LV39Mc",okmanoujkumar
204,2021-03-23 17:26:05+00:00,1374412145476083712,"@Paytm i have logged a complaint for refund since 14th jan 2021, every time from last about 2 and a half month when i speak to customer care they ask one week time and leave my case wherever it was, can my problem be addressed. my flight booking id is 10201416544.",mnspandey
205,2021-03-19 09:08:57+00:00,1372837487245025281,@airindiain 0982133255643 0982133255641. These 2 tickets were rescheduled directly by air india customer care during lockdown. Rescheduling charges were paid to air india. As the last travel date was told 31/5/2020 by air india Now Paytm is not owning these tickets. Pls help.,shweta82
206,2021-03-16 13:16:37+00:00,1371812648283566083,"@PaytmMall @Paytm you sold me defective product in order no 12874862116 and rejected my replacement order by saying bad reasons, very very cheating app.
Note: I'm posting it here because you and your customer care executives are intentionally not answering my quiry on app",HarikeshAdvoca1
207,2021-03-16 13:09:53+00:00,1371810955680649219,"@Paytm you sold me defective product in order no 12874862116 and rejected my replacement order by saying bad reasons, very very cheating app.
Note: I'm posting it here because you and your customer care executives are intentionally not answering my quiry on app",HarikeshAdvoca1
208,2021-03-04 19:16:56+00:00,1367554671984971776,"@Paytm Worst app ever used &amp; the worst app.Have been struggling to get my refund for the flight ticket booking done in Covid resime,vide Booking ID-10134394945/PNR-VHWQKH,since last 4 months &amp; is really pathetic that such a renound org. exists without customer care",BidhushreeS
209,2021-02-25 16:27:55+00:00,1364975423981903874,"With your reference i have talked to  customer care executive of paytm they have said the transaction has been failed from your end kindly look forward utr number you have given with 
order number 4323658 on 17th Feb 2021with the UTR number 20210217111212801300168748816351345",ShivamSSatija
210,2021-02-24 14:38:45+00:00,1364585562519138307,"@Paytmcare 
Is paytm customer care alive?
I raised my concern on my order id
12910103307 with query id 184002366.
Got no response.
Try calling paytm mall customer care, only IVR response.
I am stuck in this order.",kumarrakesh231
211,2021-02-21 09:35:43+00:00,1363422138338664455,"@happypanchal_7 Hi Customer, Thank you for reaching out! As per our records, the resolution has already been provided to you on 21/02/21 against your booking id 12917096651. Please check your inbox with subject line - Regarding your query with Paytm Care Reference No.: 183830651.",Paytmcare
212,2021-02-20 08:01:26+00:00,1363036020871151616,@vijayshekhar please ask your office to initiate my refund of 5 tickets(Paytm booking ID 12472488487 with emirates airlines despite my several requests on your customer care else will sue you personally in court.,sanjaydubey1974
213,2021-02-15 06:30:28+00:00,1361201192701882368,"@ssb0987654321 @vijayshekhar Did you follow the complete cycle - register your complaint through paytm app, then follow up on it by email, and then call up their customer care numbers for status and lastly publically humiliate @vijayshekhar for poor show? That is what Paytm care wants, they want him kikedout",tagmevikas
214,2021-02-12 09:07:24+00:00,1360153520545009665,"Chargeable no there is no option to connect to customer care and talk being such a big platform i think this is pathetic service pls reply and help me atleast here below is refund refrence no
Paytm no : 7020134371 
Refrence no : 20210115111212800110168706274790680",sahilpatni96
215,2021-02-11 05:45:08+00:00,1359740232812306433,"My paytm account get blocked by you without any reason and your customer care does not give any information about it , pls help me out and unblock my account... my paytm account no  is 9568173238 @Paytmcare @Paytm",sangwan1196
216,2021-01-19 10:42:37+00:00,1351480173938450434,"@PaytmBank  @paytmbankcare  @Paytmcare @Paytm  sir  my paytm number 6006685569 
And my paytm bank limit imposed after I submitted all my docoment no response from the paytm care 
The customer care serivce of paytm is worst after more than 72 hours no replay from paytm care",Mani32999764
217,2021-01-10 12:28:34+00:00,1348245344908238849,"Paytm don't care about their customers.
Highly disappointed with the services.
Booking ID - 10243115755, Paytm Care (Reference No.: 180449769).
Waited for call back for entire day. 
#Paytm #TRAI #NCH",veer_patial
218,2021-01-08 01:22:07+00:00,1347352852461617153,"@PaytmMall not able to cobtact customer care executive, all based in IVR not even option to get in touch with executive. Want to cancel my paytm order id: 12529823325 as I have changed the model of appliance, no cancelation option in app as well as on website",jagdeep_garg
219,2021-01-05 17:53:27+00:00,1346515166792445959,"@Paytm WORST SERVICE AS A TRAVEL AGENT DON'T CARE ABOUT CUSTOMER MONEY.

From Last six months i am following up with paytm for refund of flight cancel against booking ID 104818680470 during lockdown but till date no response.

Airline has not received any refund request.",AmitMod92575154
220,2021-01-04 14:10:40+00:00,1346096715233853441,@Paytm Sir I ordered from ajio on 31 December and payment debit from my paytm postpaid 31 Dec8:44 PMAJIO Txn. ID 11120201231205049437- Rs 2351.70 but ordere not complit and I have not receive my refund till I call on customer care no. Of ajio they tell me that payment not receive,raikanarayan111
221,2021-01-04 14:07:04+00:00,1346095806512734208,@Paytmcare Sir I ordered from ajio on 31 December and payment debit from my paytm postpaid 31 Dec8:44 PMAJIO Txn. ID 11120201231205049437- Rs 2351.70 but ordere not complit and I have not receive my refund till I call on customer care no. Of ajio they tell me that payment not receive,raikanarayan111
222,2021-01-04 10:56:51+00:00,1346047938456219648,@Paytm  ordered cashews and the quality was worst. No way to contact customer care. Anybody can fall ill after consuming order no.12469126673,vivekburva2020
223,2021-01-01 08:08:34+00:00,1344918426867777537,"@ICICIBank,@HDFC_Bank,@RBLBankCares,@AxisBank,@rblbank,@timesofindia,@YESBANK
  I am Amit Kumar and my credit card no .4375518859356008
1 years ago I was blocked my card due to 170 RS froud by paytm I was just complaint in ICICI customer care regarding this issue he told me this",Amitkum85149928
224,2020-12-29 13:09:40+00:00,1343907034656169985,"Shame on @PaytmTravelCare 
Till now 11 months No reply, no take care from customers,
No use for contact Paytm
Why should I wait for 11 months for my money
About my booking 10270825110
Fake flight bookings
@PaytmTravel @Paytm @PaytmCybercell @Paytmcare",Pavan10418205
225,2020-12-23 05:56:02+00:00,1341623580535091202,"@Safexpress @XpressBees_IN @Paytm @realmemobiles @makeinindia @amazonIN @agarwalpacker @DRSAgarwal @RameshAgarwalJi @Vivo_India @SamsungIndia @AdidasIndia_ @ficci_india @ICICIBank @HDFC_Bank @HDFCLIFE @HDFCBank_Cares Order no.60014 ( G- Sport Special Edition Combo of 2 watch, website contactwatchesclub) &amp;  Shipping ID 1386418346897.  4/7/20 onward at 1:28 pm,I wrote 12 request mails to customer care. But till date  I m not getting any postive response they are just kicking me here &amp;  there",sushilsharma963
226,2020-12-21 10:55:18+00:00,1340974118460477441,@SUNDIRECTIndia @vijaytelevision @Paytm @GooglePay Hi guys thank you for calling.. I have sent the transaction details to the customer care gmail id from my gmail id abineshlibra@gmail.com . I hope you guys resolve and refund as soon as possible.. For any info contact 9061684707.,Pakkudu4
227,2020-12-16 09:51:09+00:00,1339146034799407105,@Paytm What is the paytm customer care email id ? I am not able to update adhar card with Paytm wallet please help me my Paytm number is 9910426822,navedhasan786
228,2020-12-16 09:50:29+00:00,1339145866813329408,What is the paytm customer care email id ? I am not able to update adhar card with Paytm wallet please help me my Paytm number is 9910426822 https://t.co/MuCo96cH3s,navedhasan786
229,2020-12-07 06:01:30+00:00,1335826752153653249,"@PaytmMall Your customer care service is very poor and frustrating. I have been trying to #cancel order on paytm mall, but there is no such option.
When I try to contact you, you play that irritating long pre-recorded useless message. Order ID is 12333330113. Kindly solve it ASAP",IamRajanSah
230,2020-12-07 06:00:50+00:00,1335826584855441410,"@Paytmcare Your customer care service is very poor and frustrating. I have been trying to #cancel order on paytm mall, but there is no such option. When I try to contact you, you play that irritating long pre-recorded useless message. Order ID is 12333330113. Kindly solve it ASAP",IamRajanSah
231,2020-12-07 05:54:51+00:00,1335825078852878337,"@Paytm Your customer care service is very poor and frustrating. I have been trying to #cancel order on paytm mall,. but there is no such option..
When I try to contact you, you play that irritating long pre-recorded useless message..
Order ID is 12333330113

Kindly solve it ASAP",IamRajanSah
232,2020-11-19 08:02:41+00:00,1329334264299626499,@Paytmcare @Paytm Dear Customer Your PayT'M (Document Has Expire Today).Your Service Will Block Within 24 HRS Call Us 9144410479 Immediately Thank you. Is this legit ? Please take care of it if ts fraud.,lohithchalam
233,2020-11-15 22:48:02+00:00,1328107519848423424,"@PaytmTravel
I have been enquiring on the possibilities to use the open flight ticket. I have been calling on the paytm customer care  and writing emails back to back with no revert for my queries from Nov 5th. Paytm Query reference no-175618077, 176187999
Booking id -10324844719",vmlrx27
234,2020-11-15 22:41:21+00:00,1328105838641352704,"@Paytmcare 
I have been enquiring on the possibilities to use the open flight ticket. I have been calling on the paytm customer care  and writing emails back to back with no revert for my queries from Nov 5th. Paytm Query reference no-175618077, 176187999
Booking id - 10324844719",vmlrx27
235,2020-11-05 19:24:43+00:00,1324432474487754752,". @Paytm @Paytmcare my UPI reference ID is 031150218322 for a txn worth INR 5200.
The app says txn was a failure but the money has been deducted and the recipient also hasnt received it yet.
Can you please tell me what's happening here? No customer care service whatsoever!",Patra_fied
236,2020-11-01 09:03:25+00:00,1322826568574496770,"@Paytmcare @Paytm Hi team 
I have booked tickets from Chennai to Tokyo for 28th Mar 2020
Details as below : 
PNR : WHMTWP
Paytm Booking ID: 10567152635
I have been waiting for refund for past 6 months... Made really 60 times calls to the customer care. But no proper response.....",vijayiafp
237,2020-10-30 05:24:13+00:00,1322046629998784512,"@Paytm Suno? 
Help kyun nahi karte? 

I am not able to reset my UPI since 1234984589392 months. I have had conversation with your customer care executive but bleh nothing really helped. And I still cannot use PAYTM. 

Can you resolve my 19696949494 month old problem? 

HOPAEGA?",weeeettt
238,2020-10-21 13:36:26+00:00,1318909010800570369,"@TikonaTIL I have booked tikona broadband online on 12.10.2020 but it not installed till date and customer care representative are not supportive. I have paid ‚Çπ 1000 on line by Paytm . Pls refund my money . I am sending details.
SRF No. 30000007775026
Order receipt no: 3778580",lalit2alpha
239,2020-10-12 17:52:35+00:00,1315711982075404288,"@Paytm Hello,I  booked ticket from Delhi to Bhubaneswar to &amp; fro. Date of travel was 24 mar 2020 &amp; 27 mar 2020 respectively. We all know that the ticket was cancelled due to Corona pandemic. Kindly refund my amount. My efforts of trying customer care went in vain
Harsh
9999964525",harsh_vasishtha
240,2020-10-12 14:46:25+00:00,1315665128113672192,"@nadirstuff Hi Customer, Thank you for reaching out! As per our records, the resolution has already been provided to you on 02/10/20 against your booking id 10583903657. Please check your inbox with subject line - Regarding your query with Paytm Care Reference No.: 161455630.",PaytmTravelCare
241,2020-10-03 03:15:36+00:00,1312229791072837632,"Paytm team support requested for a travel refund ,bus operators in last minute cancled.irresponsible paytm customer care staff for support! 
Case#171781084 _Order ID-11583209513
Paym at its heights disrespect  customers &amp; hides behnd COVID for a month to reslve an issue  Shameful",ModugaSangeetha
242,2020-09-30 02:18:59+00:00,1311128375969234946,"My Jio no --9870948282 is not working I successfully recharged with 149 plan through Paytm yesterday but even than it is not working.
Kindly help and activate it urgently if you really care for your old and senior citizen customers.",M385338743
243,2020-09-28 04:50:06+00:00,1310441632722903042,"@VodafoneIN @Paytm Can you help on rechange status? ""If you have queries regarding your Recharge, please contact Vi customer care with Operator Ref No. ONR2009272105150207""",sanjay624
244,2020-09-23 08:35:07+00:00,1308686321376833538,@Paytm Kindly tell me whom do i talk regarding an account on PAYTM.. CUSTOMER CARE NUMBER HAS NO FACILITY TO TALK TO AN AGENT. KINDLY HELP ME 9041555551,dosanj_rishi
245,2020-09-22 13:54:31+00:00,1308404310661832708,"@el3szn Hi Customer, Thank you for reaching out! As per our records, the resolution has already been provided to you on 22/09/20 against your booking id 10256737139. Please check your inbox with subject line - Regarding your query with Paytm Care Reference No.: 162576771.",PaytmTravelCare
246,2020-09-15 11:35:52+00:00,1305832705628622849,"@Jenisz91 Hi Customer, Thank you for reaching out! As per our records, the resolution has already been provided to you on 08/09/2020 against your booking id 10640322759. Please check your inbox with subject line - Regarding your query with Paytm Care Reference No.: 162430907.",PaytmTravelCare
247,2020-09-15 05:54:16+00:00,1305746738901258243,"@Paytm I have received this message 5 times in last 6 days. Pls look into. 

Dear Customer
Your iPAT'YM KYC Has been
expired Today Please call Customer care no 7908432923 immediately Your iPAT'YM
Account blocked within 24hrs.Thank YOU",Anshu_Pattnayak
248,2020-09-13 12:08:41+00:00,1305116186191908866,"@Paytm Dear PayT'M customer your documents has been suspended. To Verified call 8250134541 immediately. Your account will be blocked within 24 hours. 

When Called to verify, guy said he is fm cust care Dilli Nodia used abusive language disconnected the call. Making people pay?",tekgan
249,2020-09-09 09:30:46+00:00,1303626896236716032,"@DishTV_India I hv paid 2,499 dt 05-SEP-20 Ref TXN: PAYTM 20200905112906819400 for DishSMRT HUB by Dishtv portal but yet not received any box or any confirmation. I hv also called ur customer care executive 4-5 time but they are also not replied about my money. plz resolve it.",rajeshroy2004
250,2020-09-04 13:17:00+00:00,1301871887463583744,@JioMart I am totally unhappy with the service of Jiomart. On 3rd Sep I have made an order in Jiomart &amp; make payment through Paytm. In paytm app Payment was successful but in Jiomart it showing decline. My order no is 15990944809006558A. Jiomart customer care not respond on query,sandeepsmart567
251,2020-08-18 06:24:17+00:00,1295607430370308097,@Flipkart @flipkartsupport I placed an order on 14th August through order number OD119427094320514000. The order could not be placed but the amount was deducted from my account. I paid through @Paytm. I spoke to customer care but she was not helpful. Pl assist to initiate refund.,SiddhantSarang
252,2020-08-16 07:52:55+00:00,1294904962028208130,"I placed order number 15974769949290274A on jiomart yesterday. Payment done via paytm but order declined.
No one picking up call on customer care number.
Please either process refund or accept my order.
@JioMart_Support @JioMart @reliancejio 
@Paytm 
#JioMart #Jio #Paytm",aamir0731
253,2020-08-05 08:00:00+00:00,1290920475388833793,"@Paytm @Paytmcare @PaytmMall @paytmmallcare @vijayshekhar you need check how data is being leaked. NO CARE about customer privacy. Got call from 7044902371 informing date of order, exact item, name, address details &amp; even payment CREDIT CARD. Tries to offer free Tata car of 12L !",VinaySkRao
254,2020-07-30 10:18:35+00:00,1288781027389964290,@KingerPriyanka @Paytm We are sorry for the inconvenience. Please call our customer care 1800222244/18002082244 and lodge a complaint.,UnionBankTweets
255,2020-07-29 04:24:42+00:00,1288329581284298752,"@Paytm @PaytmBank I have joke on this, i haven‚Äôt received payment in PayTmBank which has been Transferred by my client at 12:29 pm on 29/06/2020 via QR Code! Ref no. Is 20200721258080017. Tried to call customer care 3 but Gave me Chocolates only till now!",ManojSheladia
256,2020-07-27 12:31:49+00:00,1287727390907682816,"@PMilanudyog Hey! Thank for writing in. Yes, you can pay via Paytm. Flat 10% off upto INR 999 on a Minimum Transaction Value of Rs 999 on selected Styles. Refer T&amp;C here - https://t.co/zyKRFwSoI7. Please contact Myntra‚Äôs customer care - 08061561999 for any queries in relation to this Offer.",SonyLIV
